{"params": {"train_motor": 0, "test_motor": 3, "train_flag": false, "model_dic_path": "saved_model/2019_11_18_16_59_02_cnn_lstm_sliding_20_motor_train_0_test_3"}, "model_params": {"batch_size": 512, "hidden_size": 32, "epochs": 100, "verbose": 1, "shuffle": true, "early_stopping_patience": 5, "class_weights": {"0": 0.16658406873258677, "1": 6.236357966947303, "2": 1.25, "3": 1.6702158754018956, "4": 1.002179740936537, "5": 1.6677089847821556, "6": 2.4880263730795544, "7": 5.030181086519114, "8": 24.984384759525298, "9": 5.006257822277847}}}